sample,mutect,lofreq,vardict,pindel,real,final,vaf
272341_1_1000 4:106190862 T>C,0.0,0.00010202531766945667,0.05103740971238899,0.0,true,0.5134243050568147,0.001461
